topic_name,subreddit_id,subreddit_name,cluster,cluster_family
Shutdown,1,Anarchism,1,1
Shutdown,2,canada,2,1
Shutdown,3,Catholicism,3,1
Shutdown,4,college,4,2
Shutdown,5,communism,5,1
Shutdown,6,Conservative,6,1
Shutdown,7,democrats,6,1
Shutdown,8,environment,6,2
Shutdown,9,Full_news,7,1
Shutdown,10,geopolitics,4,2
Shutdown,11,Liberal,8,3
Shutdown,12,Libertarian,8,1
Shutdown,13,moderatepolitics,6,1
Shutdown,14,neutralnews,6,1
Shutdown,15,NeutralPolitics,2,1
Shutdown,16,news,7,1
Shutdown,17,PoliticalDiscussion,6,1
Shutdown,18,politics,6,1
Shutdown,19,progressive,3,3
Shutdown,20,qualitynews,9,1
Shutdown,21,Republican,1,1
Shutdown,22,socialism,5,1
Shutdown,23,technology,6,1
Shutdown,24,TheNewRight,10,2
Shutdown,25,The_Donald,6,1
Shutdown,26,TrueReddit,10,2
Shutdown,27,unitedkingdom,11,1
Shutdown,28,worldevents,12,3
Shutdown,29,worldnews,7,3
Shutdown,30,worldpolitics,6,3
