SubredditName,NumSubscribers
politics,3811751
worldnews,18671986
technology,6140729
environment,388325
news,16004162
college,116906
Anarchism,92931
Libertarian,220325
canada,363803
Conservative,134062
worldpolitics,327128
geopolitics,89222
unitedkingdom,194925
Catholicism,43439
socialism,136296
neutralnews,41735
progressive,50294
democrats,56922
Republican,42843
communism,52363
Liberal,49362
TrueReddit,406269
qualitynews,11567
worldevents,46114
moderatepolitics,21666
PoliticalDiscussion,282815
NeutralPolitics,229353
The_Donald,607164
TheNewRight,24492
Full_news,11843
